Mass (kg),Period (s),Effective k
1,1.498,17.57501324
1,1.493,17.69292645
0.2,0.744,14.24962423
0.2,0.744,14.24962423
0.2,0.748,14.09762933