Length (m),Magnetic Field (T),Turns Per Meter
0.25,0.00079,328
0.50,0.00037,164
0.75,0.00029,109
1.00,0.00013,82
1.25,0.00014,66
1.50,0.00012,55