Resistor,Resistance (ohm),Voltage (V),Current (A)
0,307.6404494,1.5,0.004875821768
1,100,0.4875821768,0.004875821768
2,330,1.012417823,0.003067932798
3,560,1.012417823,0.00180788897