Resistor,Resistance (ohm),Voltage (V),Current (A)
0,67.49452155,1.5,0.02222402597
1,100,1.5,0.015
2,330,1.5,0.004545454545
3,560,1.5,0.002678571429