Resistor,Resistance (ohm),Voltage (V),Current (A)
0,990,1.5,0.001515151515
1,100,0.1515151515,0.001515151515
2,330,0.5,0.001515151515
3,560,0.8484848485,0.001515151515